idsubsls,kecamatan,desa,nama_sls,dominan,keluarga_awal,usaha_awal,keluarga_prelist,umkm_keluarga,st2023,umk,um,usaha_lain,umk_um,usaha_final,total_usaha_final,level_geografis,is_prioritas
2105010004000100,JEMAJA,MAMPOK,RT 002 RW 001 DUSUN 1,1,38,22,44,0,32,12,0,22,12,22,54,sls,TRUE
2105010004000200,JEMAJA,MAMPOK,RT 008 RW 003 DUSUN 1,1,29,1,20,0,16,6,0,1,6,6,22,sls,TRUE
2105010004000300,JEMAJA,MAMPOK,RT 004 RW 002 DUSUN 2,1,27,3,36,0,14,2,0,3,2,3,17,sls,TRUE
2105010004000400,JEMAJA,MAMPOK,RT 003 RW 004 DUSUN 3,1,26,1,27,0,13,6,0,1,6,6,19,sls,TRUE
2105010004000500,JEMAJA,MAMPOK,RT 001 RW 001 DUSUN 1,1,30,1,41,0,22,3,0,1,3,3,25,sls,TRUE
2105010004000600,JEMAJA,MAMPOK,RT 005 RW 003 DUSUN 2,1,44,4,31,0,22,6,0,4,6,6,28,sls,TRUE
2105010004000700,JEMAJA,MAMPOK,RT 006 RW 003 DUSUN 2,1,18,12,23,0,8,3,0,12,3,12,20,sls,TRUE
2105010004000800,JEMAJA,MAMPOK,RT 007 RW 004 DUSUN 3,1,36,6,29,0,21,4,0,6,4,6,27,sls,TRUE
2105010004200100,JEMAJA,MAMPOK,HUTAN,11,0,0,0,0,0,0,0,0,0,0,0,sls,TRUE
2105010004200200,JEMAJA,MAMPOK,HUTAN,11,0,0,0,0,0,0,0,0,0,0,0,sls,TRUE
2105010004200300,JEMAJA,MAMPOK,HUTAN,11,0,0,0,0,0,1,0,0,1,1,1,sls,TRUE
2105010005000100,JEMAJA,LETUNG,RT 001 RW 001 LINGKUNGAN 01 TIMUR,1,37,74,50,0,0,30,0,74,30,74,74,sls,TRUE
2105010005000200,JEMAJA,LETUNG,RT 002 RW 001 LINGKUNGAN 01 TIMUR,1,36,0,41,0,6,6,0,0,6,6,12,sls,TRUE
2105010005000300,JEMAJA,LETUNG,RT 003 RW 001 LINGKUNGAN 01 TIMUR,1,30,14,31,0,4,22,1,14,23,23,27,sls,TRUE
2105010005000400,JEMAJA,LETUNG,RT 004 RW 001 LINGKUNGAN 01 TIMUR,1,31,0,25,0,4,4,0,0,4,4,8,sls,TRUE
2105010005000500,JEMAJA,LETUNG,RT 001 RW 004 LINGKUNGAN 01 TIMUR,1,33,2,36,0,8,6,0,2,6,6,14,sls,TRUE
2105010005000600,JEMAJA,LETUNG,RT 002 RW 004 LINGKUNGAN 01 TIMUR,1,28,2,31,0,10,5,0,2,5,5,15,sls,TRUE
2105010005000700,JEMAJA,LETUNG,RT 003 RW 004 LINGKUNGAN 01 TIMUR,1,37,4,36,0,15,3,0,4,3,4,19,sls,TRUE
2105010005000800,JEMAJA,LETUNG,RT 001 RW 005 LINGKUNGAN 01 TIMUR,1,27,7,33,0,2,8,0,7,8,8,10,sls,TRUE
2105010005000900,JEMAJA,LETUNG,RT 002 RW 005 LINGKUNGAN 01 TIMUR,1,33,5,34,0,11,8,0,5,8,8,19,sls,TRUE
2105010005001000,JEMAJA,LETUNG,RT 003 RW 005 LINGKUNGAN 01 TIMUR,1,39,6,40,0,6,2,0,6,2,6,12,sls,TRUE
2105010005001101,JEMAJA,LETUNG,RT 001 RW 002 LINGKUNGAN 02 BARAT,1,60,20,58,0,9,29,0,20,29,29,38,sls,TRUE
2105010005001102,JEMAJA,LETUNG,RT 001 RW 002 LINGKUNGAN 02 BARAT,8,0,75,0,0,0,0,0,75,0,75,75,sls,TRUE
2105010005001200,JEMAJA,LETUNG,RT 002 RW 002 LINGKUNGAN 02 BARAT,1,65,13,65,1,6,31,1,13,32,32,38,sls,TRUE
2105010005001300,JEMAJA,LETUNG,RT 003 RW 002 LINGKUNGAN 02 BARAT,1,27,7,35,0,7,14,0,7,14,14,21,sls,TRUE
2105010005001400,JEMAJA,LETUNG,RT 004 RW 002 LINGKUNGAN 02 BARAT,1,28,6,28,0,6,9,0,6,9,9,15,sls,TRUE
2105010005001500,JEMAJA,LETUNG,RT 001 RW 003 LINGKUNGAN 02 BARAT,1,53,9,61,0,10,20,1,9,21,21,31,sls,TRUE
2105010005001600,JEMAJA,LETUNG,RT 002 RW 003 LINGKUNGAN 02 BARAT,1,78,7,77,0,32,10,0,7,10,10,42,sls,TRUE
2105010005001700,JEMAJA,LETUNG,RT 003 RW 003 LINGKUNGAN 02 BARAT,1,54,8,57,0,20,14,0,8,14,14,34,sls,TRUE
2105010005001800,JEMAJA,LETUNG,RT 004 RW 003 LINGKUNGAN 02 BARAT,1,62,15,66,0,28,16,0,15,16,16,44,sls,TRUE
2105010005200100,JEMAJA,LETUNG,HUTAN,11,0,0,0,0,0,4,0,0,4,4,4,sls,TRUE
2105010005200200,JEMAJA,LETUNG,HUTAN DAN PULAU,11,0,0,0,0,0,2,0,0,2,2,2,sls,TRUE
2105010006000100,JEMAJA,REWAK,RT 003 RW 001 DUSUN 1,1,46,2,49,0,60,1,0,2,1,2,62,sls,TRUE
2105010006000200,JEMAJA,REWAK,RT 005 RW 001 DUSUN 1,1,20,1,15,0,19,0,0,1,0,1,20,sls,TRUE
2105010006000300,JEMAJA,REWAK,RT 001 RW 002 DUSUN 2,1,34,8,40,0,39,7,0,8,7,8,47,sls,TRUE
2105010006000400,JEMAJA,REWAK,RT 007 RW 002 DUSUN 2,1,23,5,27,0,46,4,0,5,4,5,51,sls,TRUE
2105010006000500,JEMAJA,REWAK,RT 004 RW 003 DUSUN 3,1,10,0,11,0,18,0,0,0,0,0,18,sls,TRUE
2105010006000600,JEMAJA,REWAK,RT 006 RW 003 DUSUN 3,1,21,4,19,0,9,3,0,4,3,4,13,sls,TRUE
2105010006000700,JEMAJA,REWAK,RT 002 RW 004 DUSUN 2,1,25,2,29,0,33,1,0,2,1,2,35,sls,TRUE
2105010006000800,JEMAJA,REWAK,RT 008 RW 004 DUSUN 2,1,41,4,41,0,45,6,0,4,6,6,51,sls,TRUE
2105010006200100,JEMAJA,REWAK,HUTAN,11,0,0,0,0,0,5,0,0,5,5,5,sls,TRUE
2105010009000100,JEMAJA,AIR BIRU,RT 001 RW 001 DUSUN 1,1,22,1,26,0,14,1,0,1,1,1,15,sls,TRUE
2105010009000200,JEMAJA,AIR BIRU,RT 005 RW 001 DUSUN 1,1,14,1,14,0,6,0,0,1,0,1,7,sls,TRUE
2105010009000300,JEMAJA,AIR BIRU,RT 002 RW 002 DUSUN 1,1,26,1,22,0,20,0,0,1,0,1,21,sls,TRUE
2105010009000400,JEMAJA,AIR BIRU,RT 003 RW 002 DUSUN 1,1,32,2,30,0,17,0,0,2,0,2,19,sls,TRUE
2105010009000500,JEMAJA,AIR BIRU,RT 004 RW 003 DUSUN 2,1,29,2,24,0,10,2,0,2,2,2,12,sls,TRUE
2105010009200100,JEMAJA,AIR BIRU,HUTAN DARAT,11,0,0,0,0,0,1,0,0,1,1,1,sls,TRUE
2105010009200200,JEMAJA,AIR BIRU,HUTAN PULAU,11,0,0,0,0,0,1,0,0,1,1,1,sls,TRUE
2105010011000100,JEMAJA,BATU BERAPIT,RT 001 RW 001 DUSUN 1,1,68,13,59,0,21,20,0,13,20,20,41,sls,TRUE
2105010011000200,JEMAJA,BATU BERAPIT,RT 002 RW 001 DUSUN 1,1,26,1,42,0,12,24,0,1,24,24,36,sls,TRUE
2105010011000300,JEMAJA,BATU BERAPIT,RT 003 RW 001 DUSUN 1,1,50,14,24,0,14,1,0,14,1,14,28,sls,TRUE
2105010011000400,JEMAJA,BATU BERAPIT,RT 004 RW 002 DUSUN 1,1,43,0,37,0,20,3,0,0,3,3,23,sls,TRUE
2105010011000500,JEMAJA,BATU BERAPIT,RT 005 RW 002 DUSUN 1,1,22,1,28,0,9,6,0,1,6,6,15,sls,TRUE
2105010011000600,JEMAJA,BATU BERAPIT,RT 006 RW 002 DUSUN 1,1,39,2,45,0,16,3,0,2,3,3,19,sls,TRUE
2105010011000700,JEMAJA,BATU BERAPIT,RT 007 RW 003 DUSUN 2,1,26,2,29,0,19,1,0,2,1,2,21,sls,TRUE
2105010011000800,JEMAJA,BATU BERAPIT,RT 008 RW 003 DUSUN 2,1,23,2,21,0,15,1,0,2,1,2,17,sls,TRUE
2105010011000900,JEMAJA,BATU BERAPIT,RT 009 RW 003 DUSUN 2,1,21,2,21,0,13,1,0,2,1,2,15,sls,TRUE
2105010011001000,JEMAJA,BATU BERAPIT,RT 010 RW 004 DUSUN 2,1,23,1,19,0,9,0,0,1,0,1,10,sls,TRUE
2105010011001100,JEMAJA,BATU BERAPIT,RT 011 RW 004 DUSUN 2,1,19,4,20,0,15,0,0,4,0,4,19,sls,TRUE
2105010011001200,JEMAJA,BATU BERAPIT,RT 012 RW 004 DUSUN 2,1,13,1,11,0,7,1,0,1,1,1,8,sls,TRUE
2105010011200100,JEMAJA,BATU BERAPIT,HUTAN DARAT,11,0,0,0,0,0,0,0,0,0,0,0,sls,TRUE
2105010011200200,JEMAJA,BATU BERAPIT,HUTAN PULAU,11,0,0,0,0,0,1,0,0,1,1,1,sls,TRUE
2105010012000100,JEMAJA,LANDAK,RT 001 RW 001 DUSUN 1,1,52,6,59,0,20,14,0,6,14,14,34,sls,TRUE
2105010012000200,JEMAJA,LANDAK,RT 002 RW 001 DUSUN 1,1,36,17,41,0,27,6,0,17,6,17,44,sls,TRUE
2105010012000300,JEMAJA,LANDAK,RT 003 RW 002 DUSUN 2,1,42,7,45,0,21,8,0,7,8,8,29,sls,TRUE
2105010012000400,JEMAJA,LANDAK,RT 004 RW 002 DUSUN 2,1,38,9,46,0,11,9,0,9,9,9,20,sls,TRUE
2105010012000500,JEMAJA,LANDAK,RT 005 RW 003 DUSUN 2,1,9,2,7,0,3,0,0,2,0,2,5,sls,TRUE
2105010012000600,JEMAJA,LANDAK,RT 006 RW 003 DUSUN 2,1,15,3,15,0,9,1,0,3,1,3,12,sls,TRUE
2105010012200100,JEMAJA,LANDAK,HUTAN,11,0,0,0,0,0,4,0,0,4,4,4,sls,TRUE
2105011001000100,JEMAJA BARAT,KERAMUT,RT 1 RW 1 DUSUN 1,1,37,2,35,0,10,0,0,2,0,2,12,sls,TRUE
2105011001000200,JEMAJA BARAT,KERAMUT,RT 2 RW 1 DUSUN 1,1,25,3,24,0,8,2,0,3,2,3,11,sls,TRUE
2105011001000300,JEMAJA BARAT,KERAMUT,RT 3 RW 2 DUSUN 2,1,32,1,30,0,11,2,0,1,2,2,13,sls,TRUE
2105011001000400,JEMAJA BARAT,KERAMUT,RT 4 RW 2 DUSUN 2,1,55,2,51,0,26,1,0,2,1,2,28,sls,TRUE
2105011001200100,JEMAJA BARAT,KERAMUT,HUTAN,11,0,0,0,0,0,0,0,0,0,0,0,sls,TRUE
2105011002000100,JEMAJA BARAT,IMPOL,RT 1 RW 1 DUSUN 1,1,43,4,39,0,21,3,0,4,3,4,25,sls,TRUE
2105011002000200,JEMAJA BARAT,IMPOL,RT 2 RW 1 DUSUN 1,1,22,3,23,0,16,1,0,3,1,3,19,sls,TRUE
2105011002000300,JEMAJA BARAT,IMPOL,RT 3 RW 2 DUSUN 2,1,24,6,18,0,11,1,0,6,1,6,17,sls,TRUE
2105011002000400,JEMAJA BARAT,IMPOL,RT 4 RW 2 DUSUN 2,1,32,4,31,0,29,1,0,4,1,4,33,sls,TRUE
2105011002200100,JEMAJA BARAT,IMPOL,HUTAN,11,0,0,0,0,0,1,0,0,1,1,1,sls,TRUE
2105011003000100,JEMAJA BARAT,SUNGGAK,RT 1 RW 1 DUSUN 1,1,22,7,22,0,13,1,0,7,1,7,20,sls,TRUE
2105011003000200,JEMAJA BARAT,SUNGGAK,RT 2 RW 1 DUSUN 1,1,25,2,25,0,17,0,0,2,0,2,19,sls,TRUE
2105011003000300,JEMAJA BARAT,SUNGGAK,RT 3 RW 2 DUSUN 2,1,27,3,25,0,12,1,0,3,1,3,15,sls,TRUE
2105011003000400,JEMAJA BARAT,SUNGGAK,RT 4 RW 2 DUSUN 2,1,30,3,30,0,19,0,0,3,0,3,22,sls,TRUE
2105011003200100,JEMAJA BARAT,SUNGGAK,HUTAN,11,0,0,0,0,0,0,0,0,0,0,0,sls,TRUE
2105020001000100,JEMAJA TIMUR,ULU MARAS,RT 1 RW 1 DUSUN 1,1,28,8,22,0,4,6,0,8,6,8,12,sls,TRUE
2105020001000200,JEMAJA TIMUR,ULU MARAS,RT 2 RW 1 DUSUN 1,1,43,12,40,0,22,4,0,12,4,12,34,sls,TRUE
2105020001000300,JEMAJA TIMUR,ULU MARAS,RT 3 RW 2 DUSUN 1,1,37,11,31,0,8,7,0,11,7,11,19,sls,TRUE
2105020001000400,JEMAJA TIMUR,ULU MARAS,RT 4 RW 2 DUSUN 1,1,37,7,29,0,19,8,0,7,8,8,27,sls,TRUE
2105020001000500,JEMAJA TIMUR,ULU MARAS,RT 5 RW 3 DUSUN 2,1,27,3,27,0,22,2,0,3,2,3,25,sls,TRUE
2105020001000600,JEMAJA TIMUR,ULU MARAS,RT 6 RW 3 DUSUN 2,1,45,8,41,0,23,1,0,8,1,8,31,sls,TRUE
2105020001000700,JEMAJA TIMUR,ULU MARAS,RT 7 RW 4 DUSUN 2,1,36,3,32,0,16,1,0,3,1,3,19,sls,TRUE
2105020001000800,JEMAJA TIMUR,ULU MARAS,RT 8 RW 4 DUSUN 2,1,45,11,39,0,31,4,0,11,4,11,42,sls,TRUE
2105020001200100,JEMAJA TIMUR,ULU MARAS,HUTAN,11,0,0,0,0,0,1,0,0,1,1,1,sls,TRUE
2105020002000100,JEMAJA TIMUR,KUALA MARAS,RT 1 RW 1 DUSUN 1,1,40,6,34,0,12,1,0,6,1,6,18,sls,TRUE
2105020002000200,JEMAJA TIMUR,KUALA MARAS,RT 2 RW 1 DUSUN 1,1,46,5,50,0,21,2,0,5,2,5,26,sls,TRUE
2105020002000300,JEMAJA TIMUR,KUALA MARAS,RT 3 RW 2 DUSUN 2,1,47,7,50,0,14,6,0,7,6,7,21,sls,TRUE
2105020002000400,JEMAJA TIMUR,KUALA MARAS,RT 4 RW 2 DUSUN 2,1,45,7,45,0,13,5,0,7,5,7,20,sls,TRUE
2105020002000500,JEMAJA TIMUR,KUALA MARAS,RT 5 RW 3 DUSUN 3,1,62,9,49,0,22,7,0,9,7,9,31,sls,TRUE
2105020002000600,JEMAJA TIMUR,KUALA MARAS,RT 6 RW 3 DUSUN 3,1,51,10,50,0,26,8,0,10,8,10,36,sls,TRUE
2105020002200100,JEMAJA TIMUR,KUALA MARAS,HUTAN,11,0,0,0,0,0,5,0,0,5,5,5,sls,TRUE
2105020003000100,JEMAJA TIMUR,BUKIT PADI,RT 1 RW 1 DUSUN 1,1,44,3,40,0,34,0,0,3,0,3,37,sls,TRUE
2105020003000200,JEMAJA TIMUR,BUKIT PADI,RT 2 RW 1 DUSUN 1,1,52,5,49,0,48,6,0,5,6,6,54,sls,TRUE
2105020003000300,JEMAJA TIMUR,BUKIT PADI,RT 6 RW 1 DUSUN 1,1,23,2,19,0,16,3,0,2,3,3,19,sls,TRUE
2105020003000400,JEMAJA TIMUR,BUKIT PADI,RT 3 RW 2 DUSUN 2,1,34,10,36,0,26,3,0,10,3,10,36,sls,TRUE
2105020003000500,JEMAJA TIMUR,BUKIT PADI,RT 4 RW 2 DUSUN 2,1,43,3,36,0,33,10,0,3,10,10,43,sls,TRUE
2105020003000600,JEMAJA TIMUR,BUKIT PADI,RT 5 RW 2 DUSUN 2,1,19,0,16,0,16,2,0,0,2,2,18,sls,TRUE
2105020003200100,JEMAJA TIMUR,BUKIT PADI,HUTAN,11,0,0,0,0,0,3,0,0,3,3,3,sls,TRUE
2105020004000100,JEMAJA TIMUR,GENTING PULUR,RT 1 RW 1 DUSUN 1,1,35,4,31,0,19,0,0,4,0,4,23,sls,TRUE
2105020004000200,JEMAJA TIMUR,GENTING PULUR,RT 2 RW 1 DUSUN 1,1,39,14,38,0,26,7,0,14,7,14,40,sls,TRUE
2105020004000300,JEMAJA TIMUR,GENTING PULUR,RT 3 RW 2 DUSUN 2,1,35,6,24,0,10,0,0,6,0,6,16,sls,TRUE
2105020004000400,JEMAJA TIMUR,GENTING PULUR,RT 4 RW 2 DUSUN 2,1,35,3,36,0,21,0,0,3,0,3,24,sls,TRUE
2105020004200100,JEMAJA TIMUR,GENTING PULUR,HUTAN,11,0,0,1,0,0,2,0,0,2,2,2,sls,TRUE
2105020004200200,JEMAJA TIMUR,GENTING PULUR,HUTAN,11,0,0,0,0,0,0,0,0,0,0,0,sls,TRUE
2105020004200300,JEMAJA TIMUR,GENTING PULUR,HUTAN,11,0,0,0,0,0,0,0,0,0,0,0,sls,TRUE
2105030001000100,SIANTAN SELATAN,KIABU,RT 001 RW 001 DUSUN I,1,32,7,37,0,29,0,0,7,0,7,36,sls,TRUE
2105030001000200,SIANTAN SELATAN,KIABU,RT 002 RW 001 DUSUN I,1,19,6,19,0,12,0,0,6,0,6,18,sls,TRUE
2105030001000300,SIANTAN SELATAN,KIABU,RT 003 RW 002 DUSUN I,1,18,7,15,0,15,1,0,7,1,7,22,sls,TRUE
2105030001000400,SIANTAN SELATAN,KIABU,RT 004 RW 002 DUSUN I,1,24,5,22,0,12,0,0,5,0,5,17,sls,TRUE
2105030001000500,SIANTAN SELATAN,KIABU,RT 005 RW 003 DUSUN II,1,29,10,23,0,17,2,0,10,2,10,27,sls,TRUE
2105030001000600,SIANTAN SELATAN,KIABU,RT 006 RW 003 DUSUN II,1,23,5,21,0,22,3,0,5,3,5,27,sls,TRUE
2105030001000700,SIANTAN SELATAN,KIABU,RT 007 RW 004 DUSUN II,1,27,10,22,0,28,0,0,10,0,10,38,sls,TRUE
2105030001000800,SIANTAN SELATAN,KIABU,RT 008 RW 004 DUSUN II,1,39,13,34,0,43,0,0,13,0,13,56,sls,TRUE
2105030001200100,SIANTAN SELATAN,KIABU,HUTAN,11,0,0,0,0,0,0,0,0,0,0,0,sls,TRUE
2105030002000100,SIANTAN SELATAN,TELAGA,RT 01 TANJUNG KUSUN RW 01 TELUK KELIMPAN DUSUN 2,1,24,2,18,0,16,0,0,2,0,2,18,sls,TRUE
2105030002000200,SIANTAN SELATAN,TELAGA,RT 02 TANJUNG KUSUN RW 01 TELUK KELIMPAN DUSUN 2,1,16,2,24,0,21,0,0,2,0,2,23,sls,TRUE
2105030002000300,SIANTAN SELATAN,TELAGA,RT 03 TANJUNG KUSUN RW 01 TELUK KELIMPAN DUSUN 2,1,21,2,1,0,0,0,0,2,0,2,2,sls,TRUE
2105030002000400,SIANTAN SELATAN,TELAGA,RT 01 PASIR PANJANG RW 01 PASIR PAJANG DUSUN 1,1,25,0,27,0,14,1,0,0,1,1,15,sls,TRUE
2105030002000500,SIANTAN SELATAN,TELAGA,RT 02 PASIR PAJANG RW 01 PASIR PAJANG DUSUN 1,1,25,9,19,0,11,1,0,9,1,9,20,sls,TRUE
2105030002000600,SIANTAN SELATAN,TELAGA,RT 03 PASIR PAJANG RW 01 PASIR PAJANG DUSUN 1,1,16,9,16,0,22,0,0,9,0,9,31,sls,TRUE
2105030002200100,SIANTAN SELATAN,TELAGA,HUTAN,11,0,0,2,0,3,0,0,0,0,0,3,sls,TRUE
2105030003000100,SIANTAN SELATAN,MENGKAIT,RT 001 RW 001 DUSUN 1,1,26,1,25,0,33,1,0,1,1,1,34,sls,TRUE
2105030003000200,SIANTAN SELATAN,MENGKAIT,RT 002 RW 001 DUSUN 1,1,56,4,43,0,30,0,0,4,0,4,34,sls,TRUE
2105030003000300,SIANTAN SELATAN,MENGKAIT,RT 003 RW 002 DUSUN 1,1,30,3,32,0,19,1,0,3,1,3,22,sls,TRUE
2105030003000400,SIANTAN SELATAN,MENGKAIT,RT 004 RW 002 DUSUN 1,1,34,4,32,0,22,0,0,4,0,4,26,sls,TRUE
2105030003000500,SIANTAN SELATAN,MENGKAIT,RT 005 RW 003 DUSUN 2,1,20,0,15,0,12,1,0,0,1,1,13,sls,TRUE
2105030003000600,SIANTAN SELATAN,MENGKAIT,RT 006 RW 003 DUSUN 2,1,30,7,25,0,21,0,0,7,0,7,28,sls,TRUE
2105030003000700,SIANTAN SELATAN,MENGKAIT,RT 007 RW 004 DUSUN 2,1,39,1,14,0,22,1,0,1,1,1,23,sls,TRUE
2105030003000800,SIANTAN SELATAN,MENGKAIT,RT 008 RW 004 DUSUN 2,1,39,4,35,0,38,1,0,4,1,4,42,sls,TRUE
2105030003000900,SIANTAN SELATAN,MENGKAIT,RT 009 RW 003 DUSUN 2,1,20,15,36,0,31,0,0,15,0,15,46,sls,TRUE
2105030003200100,SIANTAN SELATAN,MENGKAIT,HUTAN,11,0,0,0,0,0,0,0,0,0,0,0,sls,TRUE
2105030004000100,SIANTAN SELATAN,TIANGAU,RT 1 RW 1 DUSUN 1,1,44,5,44,0,44,1,0,5,1,5,49,sls,TRUE
2105030004000200,SIANTAN SELATAN,TIANGAU,RT 2 RW 1 DUSUN 1,1,26,2,28,0,26,0,0,2,0,2,28,sls,TRUE
2105030004000300,SIANTAN SELATAN,TIANGAU,RT 1 RW 2 DUSUN 1,1,29,2,29,0,36,3,0,2,3,3,39,sls,TRUE
2105030004000400,SIANTAN SELATAN,TIANGAU,RT 2 RW 2 DUSUN 1,1,43,13,40,0,37,5,0,13,5,13,50,sls,TRUE
2105030004000500,SIANTAN SELATAN,TIANGAU,RT 1 RW 1 DUSUN 2,1,23,1,20,0,17,3,0,1,3,3,20,sls,TRUE
2105030004000600,SIANTAN SELATAN,TIANGAU,RT 2 RW 1 DUSUN 2,1,17,2,16,0,15,3,0,2,3,3,18,sls,TRUE
2105030004000700,SIANTAN SELATAN,TIANGAU,RT 1 RW 2 DUSUN 2,1,18,3,16,0,13,0,0,3,0,3,16,sls,TRUE
2105030004000800,SIANTAN SELATAN,TIANGAU,RT 2 RW 2 DUSUN 2,1,9,0,11,0,12,1,0,0,1,1,13,sls,TRUE
2105030004200100,SIANTAN SELATAN,TIANGAU,HUTAN,11,0,0,0,0,0,0,0,0,0,0,0,sls,TRUE
2105030005000100,SIANTAN SELATAN,TELAGA KECIL,RT 001 RW 001 DUSUN 1,1,22,6,21,0,16,0,0,6,0,6,22,sls,TRUE
2105030005000200,SIANTAN SELATAN,TELAGA KECIL,RT 002 RW 001 DUSUN 1,1,20,3,21,0,18,0,0,3,0,3,21,sls,TRUE
2105030005000300,SIANTAN SELATAN,TELAGA KECIL,RT 003 RW 002 DUSUN 2,1,25,2,23,0,28,2,0,2,2,2,30,sls,TRUE
2105030005000400,SIANTAN SELATAN,TELAGA KECIL,RT 004 RW 002 DUSUN 2,1,12,2,16,0,4,0,0,2,0,2,6,sls,TRUE
2105030005200100,SIANTAN SELATAN,TELAGA KECIL,HUTAN,11,0,0,0,0,0,0,0,0,0,0,0,sls,TRUE
2105030006000100,SIANTAN SELATAN,LINGAI,RT 1 RW 1 DUSUN 1,1,20,2,18,0,15,1,0,2,1,2,17,sls,TRUE
2105030006000200,SIANTAN SELATAN,LINGAI,RT 2 RW 1 DUSUN 1,1,19,3,30,0,21,2,0,3,2,3,24,sls,TRUE
2105030006000300,SIANTAN SELATAN,LINGAI,RT 3 RW 1 DUSUN 1,1,26,4,26,0,10,1,0,4,1,4,14,sls,TRUE
2105030006000400,SIANTAN SELATAN,LINGAI,RT 4 RW 2 DUSUN 2,1,20,1,19,0,16,1,0,1,1,1,17,sls,TRUE
2105030006200100,SIANTAN SELATAN,LINGAI,HUTAN,11,0,0,0,0,0,0,0,0,0,0,0,sls,TRUE
2105030007000100,SIANTAN SELATAN,AIR BINI,RT 1 RW 1 DUSUN 1,1,15,1,22,0,18,4,0,1,4,4,22,sls,TRUE
2105030007000200,SIANTAN SELATAN,AIR BINI,RT 2 RW 1 DUSUN 1,1,30,0,6,0,3,2,0,0,2,2,5,sls,TRUE
2105030007000300,SIANTAN SELATAN,AIR BINI,RT 3 RW 1 DUSUN 1,1,18,3,20,0,24,3,0,3,3,3,27,sls,TRUE
2105030007000600,SIANTAN SELATAN,AIR BINI,RT 1 RW 3 DUSUN 2,1,37,3,39,0,20,9,0,3,9,9,29,sls,TRUE
2105030007000700,SIANTAN SELATAN,AIR BINI,RT 2 RW 3 DUSUN 2,1,11,6,15,0,5,8,0,6,8,8,13,sls,TRUE
2105030007000800,SIANTAN SELATAN,AIR BINI,RT 1 RW 2 DUSUN 2,1,30,10,37,0,25,8,0,10,8,10,35,sls,TRUE
2105030007000900,SIANTAN SELATAN,AIR BINI,RT 2 RW 2 DUSUN 2,1,48,10,38,0,44,12,0,10,12,12,56,sls,TRUE
2105030007200100,SIANTAN SELATAN,AIR BINI,HUTAN,11,0,0,0,0,0,1,0,0,1,1,1,sls,TRUE
2105040003000100,SIANTAN,TAREMPA BARAT,RT 1 RW 02 KP. MELAYU DUSUN 1,1,75,30,76,0,10,40,0,30,40,40,50,sls,TRUE
2105040003000200,SIANTAN,TAREMPA BARAT,RT 2 RW 02 KP. MELAYU DUSUN 1,1,47,4,42,0,3,9,0,4,9,9,12,sls,TRUE
2105040003000300,SIANTAN,TAREMPA BARAT,RT 1 RW 01 BAKAR BATU DUSUN 1,1,57,26,60,0,2,13,0,26,13,26,28,sls,TRUE
2105040003000400,SIANTAN,TAREMPA BARAT,RT 2 RW 01 BAKAR BATU DUSUN 1,1,39,14,41,0,5,31,0,14,31,31,36,sls,TRUE
2105040003000500,SIANTAN,TAREMPA BARAT,RT 1 PELANTAR SERKAH RW 01 A.YANI DUSUN 1,1,46,102,28,0,3,38,0,102,38,102,105,sls,TRUE
2105040003000600,SIANTAN,TAREMPA BARAT,RT 2 RW 01 A.YANI DUSUN 1,1,46,26,34,0,4,17,0,26,17,26,30,sls,TRUE
2105040003000700,SIANTAN,TAREMPA BARAT,RT 3 RW 01 A.YANI DUSUN 1,1,22,16,64,0,0,27,1,16,28,28,28,sls,TRUE
2105040003000800,SIANTAN,TAREMPA BARAT,RT 1 RW 02 A.YANI DARAT DUSUN 2,1,65,28,74,0,9,24,0,28,24,28,37,sls,TRUE
2105040003000900,SIANTAN,TAREMPA BARAT,RT 2 RW 02 A.YANI LAUT DUSUN 2,1,70,84,55,0,2,17,0,84,17,84,86,sls,TRUE
2105040003001000,SIANTAN,TAREMPA BARAT,RT 1 RW 01 TANJUNG DUSUN 2,1,36,114,28,0,1,31,0,114,31,114,115,sls,TRUE
2105040003001100,SIANTAN,TAREMPA BARAT,RT 2 RW 01 TANJUNG DUSUN 2,1,31,13,33,0,0,24,0,13,24,24,24,sls,TRUE
2105040003001200,SIANTAN,TAREMPA BARAT,RT 3 RW 01 TANJUNG DUSUN 2,1,42,13,44,0,2,11,2,13,13,13,15,sls,TRUE
2105040003001300,SIANTAN,TAREMPA BARAT,RT 1 RW 02 TANJUNG DUSUN 2,1,34,13,43,0,6,16,1,13,17,17,23,sls,TRUE
2105040003001400,SIANTAN,TAREMPA BARAT,RT 2 RW 02 TANJUNG DUSUN 2,1,80,25,67,0,11,16,0,25,16,25,36,sls,TRUE
2105040003001500,SIANTAN,TAREMPA BARAT,RT 1 RW 01 BATU BERAPIT DUSUN 3,1,36,19,50,0,4,37,0,19,37,37,41,sls,TRUE
2105040003001600,SIANTAN,TAREMPA BARAT,RT 2 RW 01 BATU BERAPIT DUSUN 3,1,46,9,37,0,2,18,0,9,18,18,20,sls,TRUE
2105040003001700,SIANTAN,TAREMPA BARAT,RT 1 RW 02 TAKARI DUSUN 3,1,43,15,45,0,8,3,0,15,3,15,23,sls,TRUE
2105040003001800,SIANTAN,TAREMPA BARAT,RT 2 RW 02 TAKARI DUSUN 3,1,45,23,40,0,3,19,0,23,19,23,26,sls,TRUE
2105040004000100,SIANTAN,TAREMPA,RT 1 IMAM BONJOL RW 1 IMAM BONJOL LINGKUNGAN 1,1,60,52,56,0,1,31,2,52,33,52,53,sls,TRUE
2105040004000200,SIANTAN,TAREMPA,RT 2 KARTINI RW 1 IMAM BONJOL LINGKUNGAN 1,1,60,18,47,0,1,10,0,18,10,18,19,sls,TRUE
2105040004000300,SIANTAN,TAREMPA,RT 3 PATIMURA RW 1 IMAM BONJOL LINGKUNGAN 1,1,62,40,55,0,1,22,0,40,22,40,41,sls,TRUE
2105040004000400,SIANTAN,TAREMPA,RT 4 PASIR MERAH RW 1 IMAM BONJOL LINGKUNGAN 1,1,59,66,46,0,4,56,0,66,56,66,70,sls,TRUE
2105040004000500,SIANTAN,TAREMPA,RT 5 SUNGAI SUGI RW 1 IMAM BONJOL LINGKUNGAN 1,1,24,6,21,0,4,5,0,6,5,6,10,sls,TRUE
2105040004000600,SIANTAN,TAREMPA,RT 1 KAMPUNG BARU RW 2 KAMPUNG BARU LINGKUNGAN 1,1,102,9,77,0,4,10,0,9,10,10,14,sls,TRUE
2105040004000700,SIANTAN,TAREMPA,RT 2 KAMPUNG BARU RW 2 KAMPUNG BARU LINGKUNGAN 1,1,68,26,63,0,3,17,0,26,17,26,29,sls,TRUE
2105040004000800,SIANTAN,TAREMPA,RT 3 KAMPUNG BARU RW 2 KAMPUNG BARU LINGKUNGAN 1,1,112,32,113,0,12,13,0,32,13,32,44,sls,TRUE
2105040004000900,SIANTAN,TAREMPA,RT 1 RADEN SALEH RW 3 RADEN SALEH LINGKUNGAN 1,1,49,11,45,0,3,8,0,11,8,11,14,sls,TRUE
2105040004001000,SIANTAN,TAREMPA,RT 2 RADEN SALEH RW 3 RADEN SALEH LINGKUNGAN 1,1,60,33,67,0,3,14,0,33,14,33,36,sls,TRUE
2105040004001100,SIANTAN,TAREMPA,RT 3 RADEN SALEH RW 3 RADEN SALEH LINGKUNGAN 1,1,112,24,99,0,12,14,1,24,15,24,36,sls,TRUE
2105040004001200,SIANTAN,TAREMPA,RT 1 DIPONEGORO RW 4 DIPONEGORO LINGKUNGAN 1,1,60,61,46,0,6,35,0,61,35,61,67,sls,TRUE
2105040004001300,SIANTAN,TAREMPA,RT 2 PEMUDA RW 4 DIPONEGORO LINGKUNGAN 1,1,149,17,103,0,6,37,0,17,37,37,43,sls,TRUE
2105040004001400,SIANTAN,TAREMPA,RT 3 TONGKOL RW 4 DIPONEGORO LINGKUNGAN 1,1,47,22,37,0,1,21,1,22,22,22,23,sls,TRUE
2105040004001500,SIANTAN,TAREMPA,RT 4 HANGTUAH RW 4 DIPONEGORO LINGKUNGAN 1,1,38,65,41,0,5,105,4,65,109,109,114,sls,TRUE
2105040004001600,SIANTAN,TAREMPA,RT 5 TAMBAN RW 4 DIPONEGORO LINGKUNGAN 1,8,35,43,20,0,0,44,1,43,45,45,45,sls,TRUE
2105040005000100,SIANTAN,TAREMPA SELATAN,RT 1 RW 1 DUSUN 1,1,27,3,27,0,3,5,0,3,5,5,8,sls,TRUE
2105040005000200,SIANTAN,TAREMPA SELATAN,RT 2 RW 1 DUSUN 1,1,34,8,31,0,7,15,0,8,15,15,22,sls,TRUE
2105040005000300,SIANTAN,TAREMPA SELATAN,RT 3 RW 1 DUSUN 1,1,35,12,40,0,9,17,0,12,17,17,26,sls,TRUE
2105040005000400,SIANTAN,TAREMPA SELATAN,RT 4 RW 2 DUSUN 1,1,38,11,40,0,4,16,0,11,16,16,20,sls,TRUE
2105040005000500,SIANTAN,TAREMPA SELATAN,RT 5 RW 2 DUSUN 1,1,47,8,45,0,11,6,0,8,6,8,19,sls,TRUE
2105040005000600,SIANTAN,TAREMPA SELATAN,RT 6 RW 2 DUSUN 1,1,21,1,19,0,15,1,0,1,1,1,16,sls,TRUE
2105040005000700,SIANTAN,TAREMPA SELATAN,RT 7 RW 3 DUSUN 2,1,78,10,88,0,7,19,0,10,19,19,26,sls,TRUE
2105040005000800,SIANTAN,TAREMPA SELATAN,RT 8 RW 3 DUSUN 2,1,28,6,27,0,10,2,0,6,2,6,16,sls,TRUE
2105040005000900,SIANTAN,TAREMPA SELATAN,RT 9 RW 3 DUSUN 2,1,30,7,29,0,14,13,0,7,13,13,27,sls,TRUE
2105040005001000,SIANTAN,TAREMPA SELATAN,RT 10 RW 4 DUSUN 2,1,27,1,31,0,11,10,0,1,10,10,21,sls,TRUE
2105040005001100,SIANTAN,TAREMPA SELATAN,RT 11 RW 4 DUSUN 2,1,45,11,55,0,16,6,0,11,6,11,27,sls,TRUE
2105040005001200,SIANTAN,TAREMPA SELATAN,RT 12 RW 4 DUSUN 2,1,62,23,95,0,18,21,0,23,21,23,41,sls,TRUE
2105040006000100,SIANTAN,TAREMPA TIMUR,RT 1 BULUH KUNING RW 1 DUSUN 1,1,84,19,89,0,10,26,0,19,26,26,36,sls,TRUE
2105040006000200,SIANTAN,TAREMPA TIMUR,RT 2 ANTANG RW 1 DUSUN 1,1,75,15,72,0,13,22,0,15,22,22,35,sls,TRUE
2105040006000300,SIANTAN,TAREMPA TIMUR,RT 1 AIR BUDING RW 2 DUSUN 1,1,67,10,65,0,18,16,0,10,16,16,34,sls,TRUE
2105040006000400,SIANTAN,TAREMPA TIMUR,RT 2 AIR BUDING RW 2 DUSUN 1,1,43,14,48,0,12,13,0,14,13,14,26,sls,TRUE
2105040006000500,SIANTAN,TAREMPA TIMUR,RT 1 BUTUN RW 1 DUSUN 2,1,20,6,29,0,10,0,0,6,0,6,16,sls,TRUE
2105040006000600,SIANTAN,TAREMPA TIMUR,RT 2 BUTUN RW 1 DUSUN 2,1,35,0,34,0,16,0,0,0,0,0,16,sls,TRUE
2105040006000700,SIANTAN,TAREMPA TIMUR,RT 1 SEDAK RW 2 DUSUN 2,1,41,6,47,0,31,2,0,6,2,6,37,sls,TRUE
2105040006000800,SIANTAN,TAREMPA TIMUR,RT 2 JERUAN RW 2 DUSUN 2,1,6,0,9,0,2,0,0,0,0,0,2,sls,TRUE
2105040006000900,SIANTAN,TAREMPA TIMUR,RT 1 TELUK RED RW 3 DUSUN 2,1,86,14,122,0,26,20,0,14,20,20,46,sls,TRUE
2105040006001000,SIANTAN,TAREMPA TIMUR,RT 2 TANJUNG MOMONG RW 3 DUSUN 2,1,56,41,48,0,11,46,0,41,46,46,57,sls,TRUE
2105040006001100,SIANTAN,TAREMPA TIMUR,RT 1 TELUK BULUH RW 4 DUSUN 2,1,79,18,74,0,16,23,0,18,23,23,39,sls,TRUE
2105040006001200,SIANTAN,TAREMPA TIMUR,RT 2  TELUK BULUH RW 4 DUSUN 2,1,106,21,96,0,27,23,0,21,23,23,50,sls,TRUE
2105040007000100,SIANTAN,SRI TANJUNG,RT 1 RW 1 DUSUN 1,1,34,6,32,0,10,10,0,6,10,10,20,sls,TRUE
2105040007000200,SIANTAN,SRI TANJUNG,RT 2 RW 1 DUSUN 1,1,18,2,29,0,2,4,0,2,4,4,6,sls,TRUE
2105040007000300,SIANTAN,SRI TANJUNG,RT 3 RW 2 DUSUN 1,1,19,4,21,0,4,6,1,4,7,7,11,sls,TRUE
2105040007000400,SIANTAN,SRI TANJUNG,RT 4 RW 2 DUSUN 1,1,22,2,26,0,5,1,0,2,1,2,7,sls,TRUE
2105040007000500,SIANTAN,SRI TANJUNG,RT 1 RW 1 DUSUN 2,1,25,3,23,0,8,3,0,3,3,3,11,sls,TRUE
2105040007000600,SIANTAN,SRI TANJUNG,RT 3 RW 2 DUSUN 2,1,38,3,16,0,1,10,0,3,10,10,11,sls,TRUE
2105040007000700,SIANTAN,SRI TANJUNG,RT 2 RW 1 DUSUN 2,1,38,7,49,0,14,11,0,7,11,11,25,sls,TRUE
2105040007000800,SIANTAN,SRI TANJUNG,RT 4 RW 2 DUSUN 2,1,64,19,63,0,23,17,0,19,17,19,42,sls,TRUE
2105040007200100,SIANTAN,SRI TANJUNG,HUTAN,11,0,0,0,0,0,1,0,0,1,1,1,sls,TRUE
2105040008000100,SIANTAN,TAREMPA BARAT DAYA,RT 1 GUNUNG PAKLIONG RW 1 DUSUN 1,1,21,0,19,0,21,0,0,0,0,0,21,sls,TRUE
2105040008000200,SIANTAN,TAREMPA BARAT DAYA,RT 2 LUWE RW 1 DUSUN 1,1,6,0,14,0,3,1,0,0,1,1,4,sls,TRUE
2105040008000300,SIANTAN,TAREMPA BARAT DAYA,RT 3 REKAM ATAS RW 3 DUSUN 1,1,20,1,16,0,12,7,0,1,7,7,19,sls,TRUE
2105040008000400,SIANTAN,TAREMPA BARAT DAYA,RT 4 REKAM BAWAH RW 3 DUSUN 1,1,35,4,36,0,46,6,0,4,6,6,52,sls,TRUE
2105040008000500,SIANTAN,TAREMPA BARAT DAYA,RT 1 TERAP ATAS RW 2 DUSUN 2,1,6,0,11,0,5,1,0,0,1,1,6,sls,TRUE
2105040008000600,SIANTAN,TAREMPA BARAT DAYA,RT 3 TERAP ATAS RW 2 DUSUN 2,1,19,1,17,0,23,2,0,1,2,2,25,sls,TRUE
2105040008000700,SIANTAN,TAREMPA BARAT DAYA,RT 2 TERAP BAWAH RW 4 DUSUN 2,1,13,2,12,0,8,2,0,2,2,2,10,sls,TRUE
2105040008000800,SIANTAN,TAREMPA BARAT DAYA,RT 4 TERAP BAWAH RW 4 DUSUN 2,1,8,2,6,0,7,0,0,2,0,2,9,sls,TRUE
2105040009000100,SIANTAN,PESISIR TIMUR,RT 1 RW 1 DUSUN 1,1,46,16,45,0,25,7,0,16,7,16,41,sls,TRUE
2105040009000200,SIANTAN,PESISIR TIMUR,RT 2 RW 1 DUSUN 1,1,39,15,51,0,18,5,0,15,5,15,33,sls,TRUE
2105040009000300,SIANTAN,PESISIR TIMUR,RT 1 RW 2 DUSUN 1,1,30,6,46,0,16,6,0,6,6,6,22,sls,TRUE
2105040009000400,SIANTAN,PESISIR TIMUR,RT 2 RW 2 DUSUN 1,1,40,8,39,0,20,3,0,8,3,8,28,sls,TRUE
2105040009000500,SIANTAN,PESISIR TIMUR,RT 1 RW 1 DUSUN 2,1,38,8,36,0,11,2,0,8,2,8,19,sls,TRUE
2105040009000600,SIANTAN,PESISIR TIMUR,RT 2 RW 1 DUSUN 2,1,43,16,40,0,21,9,0,16,9,16,37,sls,TRUE
2105040009000700,SIANTAN,PESISIR TIMUR,RT 1 RW 2 DUSUN 2,1,21,4,23,0,13,1,0,4,1,4,17,sls,TRUE
2105040009000800,SIANTAN,PESISIR TIMUR,RT 2 RW 2 DUSUN 2,1,18,4,22,0,12,6,0,4,6,6,18,sls,TRUE
2105040009200100,SIANTAN,PESISIR TIMUR,HUTAN,11,0,0,0,0,0,0,0,0,0,0,0,sls,TRUE
2105050001000100,SIANTAN TIMUR,NYAMUK,RT 1 RW 1 DUSUN 1,1,54,18,55,0,19,3,0,18,3,18,37,sls,TRUE
2105050001000200,SIANTAN TIMUR,NYAMUK,RT 2 RW 1 DUSUN 1,1,25,13,26,0,13,2,0,13,2,13,26,sls,TRUE
2105050001000300,SIANTAN TIMUR,NYAMUK,RT 3 RW 1 DUSUN 1,1,25,16,28,0,14,2,0,16,2,16,30,sls,TRUE
2105050001000400,SIANTAN TIMUR,NYAMUK,RT 4 RW 2 DUSUN 1,1,33,24,38,0,18,8,0,24,8,24,42,sls,TRUE
2105050001000500,SIANTAN TIMUR,NYAMUK,RT 5 RW 2 DUSUN 2,1,26,14,32,0,20,5,0,14,5,14,34,sls,TRUE
2105050001000600,SIANTAN TIMUR,NYAMUK,RT 6 RW 2 DUSUN 2,1,32,12,36,0,17,1,0,12,1,12,29,sls,TRUE
2105050001000700,SIANTAN TIMUR,NYAMUK,RT 7 RW 3 DUSUN 2,1,29,17,37,0,18,1,0,17,1,17,35,sls,TRUE
2105050001000800,SIANTAN TIMUR,NYAMUK,RT 8 RW 3 DUSUN 2,1,18,11,24,0,18,5,0,11,5,11,29,sls,TRUE
2105050001000900,SIANTAN TIMUR,NYAMUK,RT 9 RW 3 DUSUN 3,1,23,13,29,0,10,3,0,13,3,13,23,sls,TRUE
2105050001001000,SIANTAN TIMUR,NYAMUK,RT 10 RW 4 DUSUN 3,1,31,20,32,0,19,4,0,20,4,20,39,sls,TRUE
2105050001001100,SIANTAN TIMUR,NYAMUK,RT 11 RW 4 DUSUN 3,1,44,12,47,0,20,8,0,12,8,12,32,sls,TRUE
2105050001001200,SIANTAN TIMUR,NYAMUK,RT 12 RW 5 DUSUN 4,1,31,10,35,0,14,2,0,10,2,10,24,sls,TRUE
2105050001001300,SIANTAN TIMUR,NYAMUK,RT 13 RW 5 DUSUN 4,1,26,11,24,0,13,5,0,11,5,11,24,sls,TRUE
2105050001001400,SIANTAN TIMUR,NYAMUK,RT 14 RW 5 DUSUN 4,1,38,11,40,0,27,3,0,11,3,11,38,sls,TRUE
2105050001200100,SIANTAN TIMUR,NYAMUK,HUTAN,11,0,0,0,0,0,1,0,0,1,1,1,sls,TRUE
2105050002000100,SIANTAN TIMUR,BATU BELAH,RT 1 RW 1 DUSUN 1,1,25,19,31,0,29,4,0,19,4,19,48,sls,TRUE
2105050002000200,SIANTAN TIMUR,BATU BELAH,RT 2 RW 1 DUSUN 1,1,34,14,39,0,17,2,0,14,2,14,31,sls,TRUE
2105050002000300,SIANTAN TIMUR,BATU BELAH,RT 3 RW 2 DUSUN 1,1,22,8,20,0,16,0,0,8,0,8,24,sls,TRUE
2105050002000400,SIANTAN TIMUR,BATU BELAH,RT 4 RW 2 DUSUN 1,1,25,8,25,0,23,3,0,8,3,8,31,sls,TRUE
2105050002000500,SIANTAN TIMUR,BATU BELAH,RT 5 RW 3 DUSUN 2,1,21,7,28,0,17,5,0,7,5,7,24,sls,TRUE
2105050002000600,SIANTAN TIMUR,BATU BELAH,RT 6 RW 3 DUSUN 2,1,23,8,27,0,17,2,0,8,2,8,25,sls,TRUE
2105050002000700,SIANTAN TIMUR,BATU BELAH,RT 7 RW 4 DUSUN 2,1,25,5,22,0,19,1,0,5,1,5,24,sls,TRUE
2105050002000800,SIANTAN TIMUR,BATU BELAH,RT 8 RW 4 DUSUN 2,1,31,0,31,0,24,2,0,0,2,2,26,sls,TRUE
2105050002200100,SIANTAN TIMUR,BATU BELAH,HUTAN,11,0,0,0,0,0,0,0,0,0,0,0,sls,TRUE
2105050003000100,SIANTAN TIMUR,MUNJAN,RT 1 RW 1 DUSUN 1,1,31,3,34,0,20,2,0,3,2,3,23,sls,TRUE
2105050003000200,SIANTAN TIMUR,MUNJAN,RT 2 RW 1 DUSUN 1,1,31,4,27,0,15,4,0,4,4,4,19,sls,TRUE
2105050003000300,SIANTAN TIMUR,MUNJAN,RT 3 RW 1 DUSUN 1,1,36,2,32,0,10,4,0,2,4,4,14,sls,TRUE
2105050003000400,SIANTAN TIMUR,MUNJAN,RT 1 RW 2 DUSUN 2,1,36,1,43,0,17,2,0,1,2,2,19,sls,TRUE
2105050003000500,SIANTAN TIMUR,MUNJAN,RT 2 RW 2 DUSUN 2,1,40,5,21,0,18,0,0,5,0,5,23,sls,TRUE
2105050003000600,SIANTAN TIMUR,MUNJAN,RT 3 RW 2 DUSUN 2,1,45,3,37,0,32,1,0,3,1,3,35,sls,TRUE
2105050003000700,SIANTAN TIMUR,MUNJAN,RT 1 RW 3 DUSUN 3,1,17,2,27,0,45,0,0,2,0,2,47,sls,TRUE
2105050003000800,SIANTAN TIMUR,MUNJAN,RT 2 RW 3 DUSUN 3,1,31,4,31,0,28,0,0,4,0,4,32,sls,TRUE
2105050003000900,SIANTAN TIMUR,MUNJAN,RT 3 RW 3 DUSUN 3,1,9,0,5,0,0,0,0,0,0,0,0,sls,TRUE
2105050003200100,SIANTAN TIMUR,MUNJAN,HUTAN,11,0,0,0,0,0,0,0,0,0,0,0,sls,TRUE
2105050004000100,SIANTAN TIMUR,SERAT,RT 1 RW 1 DUSUN 1,1,25,4,29,0,1,1,0,4,1,4,5,sls,TRUE
2105050004000200,SIANTAN TIMUR,SERAT,RT 2 RW 1 DUSUN 1,1,22,3,22,0,0,2,0,3,2,3,3,sls,TRUE
2105050004000300,SIANTAN TIMUR,SERAT,RT 3 RW 1 DUSUN 1,1,21,1,18,0,0,0,0,1,0,1,1,sls,TRUE
2105050004000400,SIANTAN TIMUR,SERAT,RT 4 RW 1 DUSUN 1,1,12,1,14,0,1,0,0,1,0,1,2,sls,TRUE
2105050004000500,SIANTAN TIMUR,SERAT,RT 5 RW 2 DUSUN 2,1,25,1,22,0,18,0,0,1,0,1,19,sls,TRUE
2105050004000600,SIANTAN TIMUR,SERAT,RT 6 RW 2 DUSUN 2,1,10,1,9,0,4,0,0,1,0,1,5,sls,TRUE
2105050004200100,SIANTAN TIMUR,SERAT,HUTAN,11,0,0,0,0,0,1,0,0,1,1,1,sls,TRUE
2105050005000100,SIANTAN TIMUR,AIR PUTIH,RT 1 RW 1 DUSUN 1,1,40,3,34,0,0,1,0,3,1,3,3,sls,TRUE
2105050005000200,SIANTAN TIMUR,AIR PUTIH,RT 2 RW 1 DUSUN 1,1,16,4,21,0,0,1,0,4,1,4,4,sls,TRUE
2105050005000300,SIANTAN TIMUR,AIR PUTIH,RT 3 RW 2 DUSUN 2,1,15,4,21,0,12,0,0,4,0,4,16,sls,TRUE
2105050005000400,SIANTAN TIMUR,AIR PUTIH,RT 4 RW 2 DUSUN 2,1,25,2,15,0,2,2,0,2,2,2,4,sls,TRUE
2105050005000500,SIANTAN TIMUR,AIR PUTIH,RT 5 RW 2 DUSUN 2,1,20,2,25,0,21,0,0,2,0,2,23,sls,TRUE
2105050005200100,SIANTAN TIMUR,AIR PUTIH,HUTAN,11,0,0,0,0,0,3,0,0,3,3,3,sls,TRUE
2105050006000100,SIANTAN TIMUR,TEMBURUN,RT 1 SELAMBAK RW 1 DUSUN 1,1,28,6,24,0,6,0,0,6,0,6,12,sls,TRUE
2105050006000200,SIANTAN TIMUR,TEMBURUN,RT 2 TEMBURUN RW 1 DUSUN 1,1,20,8,24,0,7,4,0,8,4,8,15,sls,TRUE
2105050006000300,SIANTAN TIMUR,TEMBURUN,RT 3 TEMBURUN RW 1 DUSUN 1,1,28,8,30,0,10,2,0,8,2,8,18,sls,TRUE
2105050006000400,SIANTAN TIMUR,TEMBURUN,RT 4 TEMBURUN RW 2 DUSUN 2,1,21,3,21,0,16,1,0,3,1,3,19,sls,TRUE
2105050006000500,SIANTAN TIMUR,TEMBURUN,RT 5 BARUK RW 2 DUSUN 2,1,35,4,32,0,12,0,0,4,0,4,16,sls,TRUE
2105050006000600,SIANTAN TIMUR,TEMBURUN,RT 6 BARUK RW 2 DUSUN 2,1,27,2,23,0,4,2,0,2,2,2,6,sls,TRUE
2105050006200100,SIANTAN TIMUR,TEMBURUN,HUTAN,11,0,0,0,0,0,1,0,0,1,1,1,sls,TRUE
2105060001000100,SIANTAN TENGAH,AIR ASUK,RT 01 RW 01 DUSUN 1,1,69,13,73,0,50,6,0,13,6,13,63,sls,TRUE
2105060001000200,SIANTAN TENGAH,AIR ASUK,RT 02 RW 01 DUSUN 1,1,42,8,41,0,33,7,0,8,7,8,41,sls,TRUE
2105060001000300,SIANTAN TENGAH,AIR ASUK,RT 03 RW 02 DUSUN 2,1,59,11,58,0,32,3,0,11,3,11,43,sls,TRUE
2105060001000400,SIANTAN TENGAH,AIR ASUK,RT 04 RW 02 DUSUN 2,1,49,7,46,0,29,4,0,7,4,7,36,sls,TRUE
2105060001000500,SIANTAN TENGAH,AIR ASUK,RT 05 RW 03 DUSUN 3,1,33,5,40,0,41,0,0,5,0,5,46,sls,TRUE
2105060001000600,SIANTAN TENGAH,AIR ASUK,RT 06 RW 03 DUSUN 3,1,40,14,40,0,26,2,0,14,2,14,40,sls,TRUE
2105060001200100,SIANTAN TENGAH,AIR ASUK,HUTAN,11,0,0,0,0,0,1,0,0,1,1,1,sls,TRUE
2105060002000100,SIANTAN TENGAH,AIR SENA,RT 001 RW 001 DUSUN 1,1,26,1,26,0,21,1,1,1,2,2,23,sls,TRUE
2105060002000200,SIANTAN TENGAH,AIR SENA,RT 002 RW 001 DUSUN 1,1,25,2,26,0,23,0,0,2,0,2,25,sls,TRUE
2105060002000300,SIANTAN TENGAH,AIR SENA,RT 001 RW 002 DUSUN 1,1,21,3,14,0,9,3,0,3,3,3,12,sls,TRUE
2105060002000400,SIANTAN TENGAH,AIR SENA,RT 002 RW 002 DUSUN 1,1,21,2,32,0,30,3,0,2,3,3,33,sls,TRUE
2105060002000500,SIANTAN TENGAH,AIR SENA,RT 002 RW 003 DUSUN 2,1,28,0,23,0,17,3,0,0,3,3,20,sls,TRUE
2105060002000600,SIANTAN TENGAH,AIR SENA,RT 001 RW 003 DUSUN 2,1,24,6,27,0,24,3,0,6,3,6,30,sls,TRUE
2105060002000700,SIANTAN TENGAH,AIR SENA,RT 001 RW 004 DUSUN 2,1,45,2,34,0,22,4,0,2,4,4,26,sls,TRUE
2105060002000800,SIANTAN TENGAH,AIR SENA,RT 001 RW 005 DUSUN 2,1,46,5,31,0,20,0,0,5,0,5,25,sls,TRUE
2105060003000100,SIANTAN TENGAH,TELUK SIANTAN,RT 001 RW 001 DUSUN 1,1,27,7,29,0,16,7,0,7,7,7,23,sls,TRUE
2105060003000200,SIANTAN TENGAH,TELUK SIANTAN,RT 002 RW 001 DUSUN 1,1,43,3,41,0,28,3,0,3,3,3,31,sls,TRUE
2105060003000300,SIANTAN TENGAH,TELUK SIANTAN,RT 003 RW 002 DUSUN 1,1,27,2,28,0,15,7,0,2,7,7,22,sls,TRUE
2105060003000400,SIANTAN TENGAH,TELUK SIANTAN,RT 004 RW 002 DUSUN 1,1,24,2,26,0,35,2,0,2,2,2,37,sls,TRUE
2105060003000500,SIANTAN TENGAH,TELUK SIANTAN,RT 005 RW 003 DUSUN 1,1,26,1,23,0,20,1,0,1,1,1,21,sls,TRUE
2105060003000600,SIANTAN TENGAH,TELUK SIANTAN,RT 006 RW 003 DUSUN 1,1,34,2,31,0,27,4,0,2,4,4,31,sls,TRUE
2105060003000700,SIANTAN TENGAH,TELUK SIANTAN,RT 007 RW 004 DUSUN 2,1,31,2,29,0,28,1,0,2,1,2,30,sls,TRUE
2105060003000800,SIANTAN TENGAH,TELUK SIANTAN,RT 008 RW 004 DUSUN 2,1,31,4,32,0,29,5,0,4,5,5,34,sls,TRUE
2105060004000100,SIANTAN TENGAH,LIUK,RT 01 RW I DUSUN I,1,16,3,21,0,27,0,0,3,0,3,30,sls,TRUE
2105060004000200,SIANTAN TENGAH,LIUK,RT 02 RW I DUSUN I,1,20,4,18,0,15,1,0,4,1,4,19,sls,TRUE
2105060004000300,SIANTAN TENGAH,LIUK,RT 03 RW II DUSUN II,1,21,3,22,0,20,0,0,3,0,3,23,sls,TRUE
2105060004000400,SIANTAN TENGAH,LIUK,RT 04 RW II DUSUN II,1,17,2,19,0,20,0,0,2,0,2,22,sls,TRUE
2105060004200100,SIANTAN TENGAH,LIUK,HUTAN,11,0,0,0,0,0,0,0,0,0,0,0,sls,TRUE
2105060004200200,SIANTAN TENGAH,LIUK,HUTAN,11,0,0,0,0,0,3,0,0,3,3,3,sls,TRUE
2105060005000100,SIANTAN TENGAH,LIDI,RT 01 RW 01 DUSUN 1,1,24,6,23,0,17,1,0,6,1,6,23,sls,TRUE
2105060005000200,SIANTAN TENGAH,LIDI,RT 02 RW 01 DUSUN 1,1,19,3,17,0,11,0,0,3,0,3,14,sls,TRUE
2105060005000300,SIANTAN TENGAH,LIDI,RT 03 RW 02 DUSUN 2,1,28,3,23,0,21,0,0,3,0,3,24,sls,TRUE
2105060005000400,SIANTAN TENGAH,LIDI,RT 04 RW 02 DUSUN 2,1,36,6,34,0,33,2,0,6,2,6,39,sls,TRUE
2105060006000100,SIANTAN TENGAH,TELUK SUNTING,RT 001 RW 001 DUSUN 1,1,29,9,26,0,26,0,0,9,0,9,35,sls,TRUE
2105060006000200,SIANTAN TENGAH,TELUK SUNTING,RT 002 RW 001 DUSUN 1,1,30,8,27,0,40,1,0,8,1,8,48,sls,TRUE
2105060006000300,SIANTAN TENGAH,TELUK SUNTING,RT 003 RW 002 DUSUN 2,1,31,11,29,0,30,2,0,11,2,11,41,sls,TRUE
2105060006000400,SIANTAN TENGAH,TELUK SUNTING,RT 004 RW 002 DUSUN 2,1,30,12,27,0,30,1,0,12,1,12,42,sls,TRUE
2105070002000100,PALMATAK,TEBANG,RT 001 RW 001 DUSUN 1,1,42,5,43,0,19,5,0,5,5,5,24,sls,TRUE
2105070002000200,PALMATAK,TEBANG,RT 002 RW 001 DUSUN 1,1,45,5,50,0,18,8,0,5,8,8,26,sls,TRUE
2105070002000300,PALMATAK,TEBANG,RT 003 RW 001 DUSUN 1,1,46,5,39,0,25,9,0,5,9,9,34,sls,TRUE
2105070002000400,PALMATAK,TEBANG,RT 004 RW 002 DUSUN 2,1,34,8,36,0,37,8,0,8,8,8,45,sls,TRUE
2105070002000500,PALMATAK,TEBANG,RT 005 RW 002 DUSUN 2,1,45,7,47,0,19,10,0,7,10,10,29,sls,TRUE
2105070002000600,PALMATAK,TEBANG,RT 006 RW 002 DUSUN 2,1,32,11,30,0,18,8,0,11,8,11,29,sls,TRUE
2105070002000700,PALMATAK,TEBANG,RT 007 RW 003 DUSUN 3,1,32,2,27,0,26,0,0,2,0,2,28,sls,TRUE
2105070002000800,PALMATAK,TEBANG,RT 008 RW 003 DUSUN 3,1,35,3,34,0,17,6,0,3,6,6,23,sls,TRUE
2105070002000900,PALMATAK,TEBANG,RT 009 RW 003 DUSUN 3,1,50,11,70,0,40,15,0,11,15,15,55,sls,TRUE
2105070002200100,PALMATAK,TEBANG,HUTAN,11,0,0,0,0,0,0,0,0,0,0,0,sls,TRUE
2105070003000100,PALMATAK,LADAN,RT 001 RW 001 DUSUN 1,1,66,14,47,0,19,16,0,14,16,16,35,sls,TRUE
2105070003000200,PALMATAK,LADAN,RT 002 RW 001 DUSUN 1,1,50,13,53,0,21,6,0,13,6,13,34,sls,TRUE
2105070003000300,PALMATAK,LADAN,RT 003 RW 001 DUSUN 1,1,52,7,47,0,24,10,0,7,10,10,34,sls,TRUE
2105070003000400,PALMATAK,LADAN,RT 004 RW 001 DUSUN 1,1,48,5,50,0,23,7,0,5,7,7,30,sls,TRUE
2105070003000500,PALMATAK,LADAN,RT 005 RW 002 DUSUN 1,1,55,7,48,0,20,10,0,7,10,10,30,sls,TRUE
2105070003000600,PALMATAK,LADAN,RT 006 RW 002 DUSUN 1,1,60,8,53,0,19,0,0,8,0,8,27,sls,TRUE
2105070003000700,PALMATAK,LADAN,RT 007 RW 002 DUSUN 1,1,29,9,26,0,22,11,0,9,11,11,33,sls,TRUE
2105070003000800,PALMATAK,LADAN,RT 008 RW 003 DUSUN 2,1,47,7,54,0,22,5,0,7,5,7,29,sls,TRUE
2105070003000900,PALMATAK,LADAN,RT 009 RW 003 DUSUN 2,1,40,5,41,0,23,11,0,5,11,11,34,sls,TRUE
2105070003001000,PALMATAK,LADAN,RT 010 RW 003 DUSUN 2,1,33,5,26,0,10,12,0,5,12,12,22,sls,TRUE
2105070003001100,PALMATAK,LADAN,RT 011 RW 004 DUSUN 2,1,45,8,41,0,16,14,0,8,14,14,30,sls,TRUE
2105070003001200,PALMATAK,LADAN,RT 012 RW 004 DUSUN 2,1,61,9,47,0,29,10,0,9,10,10,39,sls,TRUE
2105070003001300,PALMATAK,LADAN,RT 013 RW 004 DUSUN 2,1,46,7,55,0,37,8,0,7,8,8,45,sls,TRUE
2105070003001400,PALMATAK,LADAN,RT 014 RW 004 DUSUN 2,1,38,4,36,0,19,11,0,4,11,11,30,sls,TRUE
2105070003200100,PALMATAK,LADAN,HUTAN,11,0,0,0,0,0,3,0,0,3,3,3,sls,TRUE
2105070008000100,PALMATAK,PUTIK,RT 001 RW 001 DUSUN 1,1,56,9,67,0,17,25,0,9,25,25,42,sls,TRUE
2105070008000200,PALMATAK,PUTIK,RT 002 RW 001 DUSUN 1,1,62,28,62,0,40,9,0,28,9,28,68,sls,TRUE
2105070008000300,PALMATAK,PUTIK,RT 003 RW 001 DUSUN 1,1,53,22,56,0,23,20,0,22,20,22,45,sls,TRUE
2105070008000400,PALMATAK,PUTIK,RT 004 RW 002 DUSUN 1,1,53,26,55,0,21,29,0,26,29,29,50,sls,TRUE
2105070008000500,PALMATAK,PUTIK,RT 005 RW 002 DUSUN 1,1,35,12,37,0,20,11,0,12,11,12,32,sls,TRUE
2105070008000600,PALMATAK,PUTIK,RT 006 RW 002 DUSUN 1,1,34,14,38,0,21,11,0,14,11,14,35,sls,TRUE
2105070008000700,PALMATAK,PUTIK,RT 007 RW 003 DUSUN 1,1,39,6,33,0,22,5,0,6,5,6,28,sls,TRUE
2105070008000800,PALMATAK,PUTIK,RT 008 RW 003 DUSUN 2,1,27,7,35,0,23,1,0,7,1,7,30,sls,TRUE
2105070008000900,PALMATAK,PUTIK,RT 009 RW 003 DUSUN 2,1,40,14,38,0,14,12,0,14,12,14,28,sls,TRUE
2105070008001000,PALMATAK,PUTIK,RT 010 RW 004 DUSUN 2,1,40,19,44,0,31,14,0,19,14,19,50,sls,TRUE
2105070008001100,PALMATAK,PUTIK,RT 011 RW 004 DUSUN 2,1,33,22,46,0,28,15,0,22,15,22,50,sls,TRUE
2105070008001200,PALMATAK,PUTIK,RT 012 RW 005 DUSUN 2,1,37,7,26,0,25,5,0,7,5,7,32,sls,TRUE
2105070008200100,PALMATAK,PUTIK,HUTAN,11,0,0,0,0,0,2,0,0,2,2,2,sls,TRUE
2105070010000100,PALMATAK,PIABUNG,RT 006 RW 002 DUSUN 2,1,45,11,44,0,16,9,0,11,9,11,27,sls,TRUE
2105070010000200,PALMATAK,PIABUNG,RT 005 RW 002 DUSUN 2,1,35,14,39,0,12,15,0,14,15,15,27,sls,TRUE
2105070010000300,PALMATAK,PIABUNG,RT 004 RW 001 DUSUN 1,1,37,13,54,0,57,12,0,13,12,13,70,sls,TRUE
2105070010000400,PALMATAK,PIABUNG,RT 003 RW 001 DUSUN 1,1,46,17,41,0,24,7,0,17,7,17,41,sls,TRUE
2105070010000500,PALMATAK,PIABUNG,RT 002 RW 001 DUSUN 1,1,40,9,28,0,26,10,0,9,10,10,36,sls,TRUE
2105070010000600,PALMATAK,PIABUNG,RT 001 RW 001 DUSUN 1,1,40,9,51,0,43,9,0,9,9,9,52,sls,TRUE
2105070010000700,PALMATAK,PIABUNG,RT 007 RW 002 DUSUN 2,1,38,9,29,0,22,10,0,9,10,10,32,sls,TRUE
2105070010000800,PALMATAK,PIABUNG,RT 008 RW 002 DUSUN 2,1,40,6,35,0,20,4,0,6,4,6,26,sls,TRUE
2105070011000100,PALMATAK,LANGIR,RT 001 RW 002 DUSUN 1,1,22,5,27,0,21,6,0,5,6,6,27,sls,TRUE
2105070011000200,PALMATAK,LANGIR,RT 002 RW 002 DUSUN 1,1,25,9,26,0,27,2,0,9,2,9,36,sls,TRUE
2105070011000300,PALMATAK,LANGIR,RT 003 RW 003 DUSUN 1,1,16,3,17,0,7,3,0,3,3,3,10,sls,TRUE
2105070011000400,PALMATAK,LANGIR,RT 004 RW 003 DUSUN 2,1,29,6,30,0,25,4,0,6,4,6,31,sls,TRUE
2105070011000500,PALMATAK,LANGIR,RT 005 RW 001 DUSUN 2,1,25,2,28,0,26,3,0,2,3,3,29,sls,TRUE
2105070011000600,PALMATAK,LANGIR,RT 006 RW 001 DUSUN 2,1,26,2,23,0,23,1,0,2,1,2,25,sls,TRUE
2105070012000100,PALMATAK,CANDI,RT 001 RW 001 DUSUN I,1,50,24,58,0,19,18,0,24,18,24,43,sls,TRUE
2105070012000200,PALMATAK,CANDI,RT 002 RW 001 DUSUN I,1,32,3,30,0,30,3,0,3,3,3,33,sls,TRUE
2105070012000300,PALMATAK,CANDI,RT 003 RW 002 DUSUN I,1,39,11,44,0,28,7,0,11,7,11,39,sls,TRUE
2105070012000400,PALMATAK,CANDI,RT 004 RW 002 DUSUN II,1,34,4,31,0,16,3,0,4,3,4,20,sls,TRUE
2105070012000500,PALMATAK,CANDI,RT 005 RW 003 DUSUN II,1,31,6,29,0,27,5,0,6,5,6,33,sls,TRUE
2105070012000600,PALMATAK,CANDI,RT 006 RW 003 DUSUN II,1,32,14,48,0,32,9,0,14,9,14,46,sls,TRUE
2105070014000100,PALMATAK,BELIBAK,RT 001 RW 001 DUSUN 1,1,24,2,29,0,31,5,0,2,5,5,36,sls,TRUE
2105070014000200,PALMATAK,BELIBAK,RT 002 RW 001 DUSUN 1,1,30,2,30,0,32,0,0,2,0,2,34,sls,TRUE
2105070014000300,PALMATAK,BELIBAK,RT 003 RW 002 DUSUN 2,1,29,3,18,0,16,1,0,3,1,3,19,sls,TRUE
2105070014000400,PALMATAK,BELIBAK,RT 004 RW 002 DUSUN 2,1,18,3,13,0,20,0,0,3,0,3,23,sls,TRUE
2105071001000100,SIANTAN UTARA,MUBUR,AIR BALKOK RT 001 RW 001 DUSUN 1,1,46,5,60,0,33,12,0,5,12,12,45,sls,TRUE
2105071001000200,SIANTAN UTARA,MUBUR,BATU PANJANG RT 002 RW 001 DUSUN 1,1,44,8,48,0,34,11,0,8,11,11,45,sls,TRUE
2105071001000300,SIANTAN UTARA,MUBUR,KAMPUNG TENGAH RT 003 RW 002 DUSUN 1,1,42,2,37,0,18,1,0,2,1,2,20,sls,TRUE
2105071001000400,SIANTAN UTARA,MUBUR,SUNGAI SIDI RT 004 RW 002 DUSUN 1,1,49,5,53,0,26,4,0,5,4,5,31,sls,TRUE
2105071001000500,SIANTAN UTARA,MUBUR,JALAN PALAH RT 005 RW 003 DUSUN 2,1,23,4,15,0,17,4,0,4,4,4,21,sls,TRUE
2105071001000600,SIANTAN UTARA,MUBUR,JALAN PALAH RT 006 RW 003 DUSUN 2,1,23,2,15,0,17,2,0,2,2,2,19,sls,TRUE
2105071001200100,SIANTAN UTARA,MUBUR,HUTAN,11,0,0,0,0,0,0,0,0,0,0,0,sls,TRUE
2105071002000100,SIANTAN UTARA,BAYAT,RT 001 RW 001 DUSUN 1,1,28,0,27,0,27,10,0,0,10,10,37,sls,TRUE
2105071002000200,SIANTAN UTARA,BAYAT,RT 002 RW 001 DUSUN 1,1,22,1,20,0,23,6,0,1,6,6,29,sls,TRUE
2105071002000300,SIANTAN UTARA,BAYAT,RT 003 RW 002 DUSUN 1,1,24,3,26,0,29,11,0,3,11,11,40,sls,TRUE
2105071002000400,SIANTAN UTARA,BAYAT,RT 004 RW 002 DUSUN 1,1,19,2,18,0,20,9,0,2,9,9,29,sls,TRUE
2105071002000500,SIANTAN UTARA,BAYAT,RT 005 RW 003 DUSUN 2,1,34,2,34,0,34,10,0,2,10,10,44,sls,TRUE
2105071002000600,SIANTAN UTARA,BAYAT,RT 006 RW 003 DUSUN 2,1,33,2,31,0,30,12,0,2,12,12,42,sls,TRUE
2105071002000700,SIANTAN UTARA,BAYAT,RT 007 RW 004 DUSUN 2,1,29,3,27,0,28,11,0,3,11,11,39,sls,TRUE
2105071002000800,SIANTAN UTARA,BAYAT,RT 008 RW 004 DUSUN 2,1,12,0,11,0,21,2,0,0,2,2,23,sls,TRUE
2105071002200100,SIANTAN UTARA,BAYAT,HUTAN,11,0,0,0,0,0,1,0,0,1,1,1,sls,TRUE
2105071003000100,SIANTAN UTARA,PIASAN,RT 001 RW 001 DUSUN 1,1,42,11,34,0,45,4,0,11,4,11,56,sls,TRUE
2105071003000200,SIANTAN UTARA,PIASAN,RT 002 RW 001 DUSUN 1,1,32,5,24,0,19,6,0,5,6,6,25,sls,TRUE
2105071003000300,SIANTAN UTARA,PIASAN,RT 003 RW 002 DUSUN 1,1,33,3,29,0,32,8,0,3,8,8,40,sls,TRUE
2105071003000400,SIANTAN UTARA,PIASAN,RT 004 RW 002 DUSUN 1,1,32,2,28,0,37,1,0,2,1,2,39,sls,TRUE
2105071003000500,SIANTAN UTARA,PIASAN,RT 005 RW 003 DUSUN 2,1,30,4,11,0,9,5,0,4,5,5,14,sls,TRUE
2105071003000600,SIANTAN UTARA,PIASAN,RT 006 RW 003 DUSUN 2,1,45,4,28,0,28,4,0,4,4,4,32,sls,TRUE
2105072001000100,KUTE SIANTAN,PAYALAMAN,RT 001 RW 002 DUSUN I,1,42,5,38,0,9,11,0,5,11,11,20,sls,TRUE
2105072001000200,KUTE SIANTAN,PAYALAMAN,RT 002 RW 001 DUSUN II,1,37,8,47,0,8,11,0,8,11,11,19,sls,TRUE
2105072001000300,KUTE SIANTAN,PAYALAMAN,RT 003 RW 001 DUSUN II,1,46,7,44,0,12,10,0,7,10,10,22,sls,TRUE
2105072001000400,KUTE SIANTAN,PAYALAMAN,RT 004 RW 002 DUSUN 1,1,60,5,53,0,13,7,0,5,7,7,20,sls,TRUE
2105072001000500,KUTE SIANTAN,PAYALAMAN,RT 005 RW 001 DUSUN II,1,33,6,31,0,14,4,0,6,4,6,20,sls,TRUE
2105072001000600,KUTE SIANTAN,PAYALAMAN,RT 006 RW 001 DUSUN II,1,53,6,54,0,23,6,0,6,6,6,29,sls,TRUE
2105072001000700,KUTE SIANTAN,PAYALAMAN,RT 007 RW 002 DUSUN I,1,33,2,34,0,24,0,0,2,0,2,26,sls,TRUE
2105072001000800,KUTE SIANTAN,PAYALAMAN,RT 008 RW 002 DUSUN I,1,40,3,38,0,9,3,0,3,3,3,12,sls,TRUE
2105072001000900,KUTE SIANTAN,PAYALAMAN,RT 009 RW 001 DUSUN II,1,32,22,29,0,6,9,0,22,9,22,28,sls,TRUE
2105072001001000,KUTE SIANTAN,PAYALAMAN,RT 010 RW 001 DUSUN II,1,41,41,41,0,9,45,1,41,46,46,55,sls,TRUE
2105072002000100,KUTE SIANTAN,TELUK BAYUR,RT 001 RW 001 DUSUN 1,1,25,2,29,0,25,1,0,2,1,2,27,sls,TRUE
2105072002000200,KUTE SIANTAN,TELUK BAYUR,RT 002 RW 001 DUSUN 1,1,27,6,28,0,32,1,0,6,1,6,38,sls,TRUE
2105072002000300,KUTE SIANTAN,TELUK BAYUR,RT 003 RW 001 DUSUN 1,1,44,3,46,0,51,2,0,3,2,3,54,sls,TRUE
2105072002000400,KUTE SIANTAN,TELUK BAYUR,RT 002 RW 002 DUSUN 2,1,20,1,20,0,28,0,0,1,0,1,29,sls,TRUE
2105072002000500,KUTE SIANTAN,TELUK BAYUR,RT 001 RW 002 DUSUN 2,1,31,3,19,0,12,0,0,3,0,3,15,sls,TRUE
2105072002200100,KUTE SIANTAN,TELUK BAYUR,HUTAN RT 3 RW 1,11,0,0,0,0,0,0,0,0,0,0,0,sls,TRUE
2105072002200200,KUTE SIANTAN,TELUK BAYUR,HUTAN,11,0,0,0,0,0,0,0,0,0,0,0,sls,TRUE
2105072003000100,KUTE SIANTAN,MATAK,RT 001 RW 001 DUSUN 1,1,35,3,31,0,28,5,0,3,5,5,33,sls,TRUE
2105072003000200,KUTE SIANTAN,MATAK,RT 002 RW 001 DUSUN 1,1,36,2,36,0,27,3,0,2,3,3,30,sls,TRUE
2105072003000300,KUTE SIANTAN,MATAK,RT 003 RW 001 DUSUN 1,1,13,2,13,0,10,0,0,2,0,2,12,sls,TRUE
2105072003000400,KUTE SIANTAN,MATAK,RT 004 RW 002 DUSUN 2,1,24,4,25,0,25,5,0,4,5,5,30,sls,TRUE
2105072003000500,KUTE SIANTAN,MATAK,RT 005 RW 002 DUSUN 2,1,22,10,19,0,19,4,0,10,4,10,29,sls,TRUE
2105072003200100,KUTE SIANTAN,MATAK,HUTAN,11,0,0,0,0,0,0,0,0,0,0,0,sls,TRUE
2105072004000100,KUTE SIANTAN,PAYAMARAM,RT 001 RW 003 DUSUN 1,1,34,12,29,0,7,15,0,12,15,15,22,sls,TRUE
2105072004000200,KUTE SIANTAN,PAYAMARAM,RT 002 RW 004 DUSUN 1,1,30,4,22,0,0,0,0,4,0,4,4,sls,TRUE
2105072004000300,KUTE SIANTAN,PAYAMARAM,RT 003 RW 003 DUSUN 1,1,38,7,36,0,18,6,0,7,6,7,25,sls,TRUE
2105072004000400,KUTE SIANTAN,PAYAMARAM,RT 006 RW 002 DUSUN 2,1,35,1,27,0,19,8,0,1,8,8,27,sls,TRUE
2105072004000500,KUTE SIANTAN,PAYAMARAM,RT 005 RW 002 DUSUN 2,1,37,2,30,0,7,12,0,2,12,12,19,sls,TRUE
2105072004000600,KUTE SIANTAN,PAYAMARAM,RT 004 RW 001 DUSUN 2,1,29,10,33,0,14,6,0,10,6,10,24,sls,TRUE
2105072004000700,KUTE SIANTAN,PAYAMARAM,RT 007 RW 001 DUSUN 2,1,43,5,38,0,16,6,0,5,6,6,22,sls,TRUE
2105072004000800,KUTE SIANTAN,PAYAMARAM,RT 008 RW 004 DUSUN 1,1,33,1,25,0,3,15,0,1,15,15,18,sls,TRUE
2105072004500100,KUTE SIANTAN,PAYAMARAM,"PERUSAHAAN MEDCO, BANDARA PALMATAK",9,11,0,0,0,0,3,2,0,5,5,5,sls,TRUE
2105072005000100,KUTE SIANTAN,BATU AMPAR,RT 001 RW 001 DUSUN 1,1,46,1,36,0,23,3,0,1,3,3,26,sls,TRUE
2105072005000200,KUTE SIANTAN,BATU AMPAR,RT 002 RW 001 DUSUN 1,1,28,2,28,0,7,10,0,2,10,10,17,sls,TRUE
2105072005000300,KUTE SIANTAN,BATU AMPAR,RT 003 RW 001 DUSUN 1,1,21,2,23,0,18,1,0,2,1,2,20,sls,TRUE
2105072005000400,KUTE SIANTAN,BATU AMPAR,RT 004 RW 002 DUSUN 1,1,26,2,30,0,19,0,0,2,0,2,21,sls,TRUE
2105072005000500,KUTE SIANTAN,BATU AMPAR,RT 005 RW 002 DUSUN 1,1,33,2,32,0,23,5,0,2,5,5,28,sls,TRUE
2105072005000600,KUTE SIANTAN,BATU AMPAR,RT 006 RW 002 DUSUN 1,1,25,5,27,0,18,3,0,5,3,5,23,sls,TRUE
2105072005200100,KUTE SIANTAN,BATU AMPAR,HUTAN,11,0,0,0,0,0,0,0,0,0,0,0,sls,TRUE
,JEMAJA,MAMPOK,,,0,0,21,0,4,0,0,0,0,0,4,desa,FALSE
,JEMAJA,LETUNG,,,0,0,96,0,8,0,0,0,0,0,8,desa,FALSE
,JEMAJA,REWAK,,,0,0,35,0,10,0,0,0,0,0,10,desa,FALSE
,JEMAJA,AIR BIRU,,,0,0,11,0,4,0,0,0,0,0,4,desa,FALSE
,JEMAJA,BATU BERAPIT,,,0,0,36,0,10,0,0,0,0,0,10,desa,FALSE
,JEMAJA,LANDAK,,,0,0,18,0,2,0,0,0,0,0,2,desa,FALSE
,JEMAJA BARAT,KERAMUT,,,0,0,20,0,7,0,0,0,0,0,7,desa,FALSE
,JEMAJA BARAT,IMPOL,,,0,0,10,0,2,0,0,0,0,0,2,desa,FALSE
,JEMAJA BARAT,SUNGGAK,,,0,0,8,0,4,0,0,0,0,0,4,desa,FALSE
,JEMAJA TIMUR,ULU MARAS,,,0,0,20,0,4,0,0,0,0,0,4,desa,FALSE
,JEMAJA TIMUR,KUALA MARAS,,,0,0,32,0,5,0,0,0,0,0,5,desa,FALSE
,JEMAJA TIMUR,BUKIT PADI,,,0,0,15,0,4,0,0,0,0,0,4,desa,FALSE
,JEMAJA TIMUR,GENTING PULUR,,,0,0,17,0,6,0,0,0,0,0,6,desa,FALSE
,SIANTAN SELATAN,KIABU,,,0,0,23,0,10,0,0,0,0,0,10,desa,FALSE
,SIANTAN SELATAN,TELAGA,,,0,0,26,0,6,0,0,0,0,0,6,desa,FALSE
,SIANTAN SELATAN,MENGKAIT,,,0,0,40,0,35,0,0,0,0,0,35,desa,FALSE
,SIANTAN SELATAN,TIANGAU,,,0,0,25,0,1,0,0,0,0,0,1,desa,FALSE
,SIANTAN SELATAN,TELAGA KECIL,,,0,0,8,0,4,0,0,0,0,0,4,desa,FALSE
,SIANTAN SELATAN,LINGAI,,,0,0,14,0,5,0,0,0,0,0,5,desa,FALSE
,SIANTAN SELATAN,AIR BINI,,,0,0,42,0,26,0,0,0,0,0,26,desa,FALSE
,SIANTAN,TAREMPA BARAT,,,0,0,170,0,10,0,0,0,0,0,10,desa,FALSE
,SIANTAN,TAREMPA,,,0,0,426,0,16,0,0,0,0,0,16,desa,FALSE
,SIANTAN,TAREMPA SELATAN,,,0,0,55,0,5,0,0,0,0,0,5,desa,FALSE
,SIANTAN,TAREMPA TIMUR,,,0,0,71,0,2,0,0,0,0,0,2,desa,FALSE
,SIANTAN,SRI TANJUNG,,,0,0,43,0,10,0,0,0,0,0,10,desa,FALSE
,SIANTAN,TAREMPA BARAT DAYA,,,0,0,16,0,8,0,0,0,0,0,8,desa,FALSE
,SIANTAN,PESISIR TIMUR,,,0,0,20,0,1,0,0,0,0,0,1,desa,FALSE
,SIANTAN TIMUR,NYAMUK,,,0,0,23,0,5,0,0,0,0,0,5,desa,FALSE
,SIANTAN TIMUR,BATU BELAH,,,0,0,16,0,5,0,0,0,0,0,5,desa,FALSE
,SIANTAN TIMUR,MUNJAN,,,0,0,55,0,27,0,0,0,0,0,27,desa,FALSE
,SIANTAN TIMUR,SERAT,,,0,0,9,0,1,0,0,0,0,0,1,desa,FALSE
,SIANTAN TIMUR,AIR PUTIH,,,0,0,18,0,2,0,0,0,0,0,2,desa,FALSE
,SIANTAN TIMUR,TEMBURUN,,,0,0,15,0,2,0,0,0,0,0,2,desa,FALSE
,SIANTAN TENGAH,AIR ASUK,,,0,0,19,0,4,0,0,0,0,0,4,desa,FALSE
,SIANTAN TENGAH,AIR SENA,,,0,0,50,0,47,0,0,0,0,0,47,desa,FALSE
,SIANTAN TENGAH,TELUK SIANTAN,,,0,0,17,0,6,0,0,0,0,0,6,desa,FALSE
,SIANTAN TENGAH,LIUK,,,0,0,3,0,0,0,0,0,0,0,0,desa,FALSE
,SIANTAN TENGAH,LIDI,,,0,0,10,0,3,0,0,0,0,0,3,desa,FALSE
,SIANTAN TENGAH,TELUK SUNTING,,,0,0,10,0,6,0,0,0,0,0,6,desa,FALSE
,PALMATAK,TEBANG,,,0,0,40,0,10,0,0,0,0,0,10,desa,FALSE
,PALMATAK,LADAN,,,0,0,72,0,15,0,0,0,0,0,15,desa,FALSE
,PALMATAK,PUTIK,,,0,0,67,0,21,0,0,0,0,0,21,desa,FALSE
,PALMATAK,PIABUNG,,,0,0,46,0,15,0,0,0,0,0,15,desa,FALSE
,PALMATAK,LANGIR,,,0,0,2,0,0,0,0,0,0,0,0,desa,FALSE
,PALMATAK,CANDI,,,0,0,16,0,4,0,0,0,0,0,4,desa,FALSE
,PALMATAK,BELIBAK,,,0,0,9,0,6,0,0,0,0,0,6,desa,FALSE
,SIANTAN UTARA,MUBUR,,,0,0,21,0,6,0,0,0,0,0,6,desa,FALSE
,SIANTAN UTARA,BAYAT,,,0,0,24,0,9,0,0,0,0,0,9,desa,FALSE
,SIANTAN UTARA,PIASAN,,,0,0,54,0,46,0,0,0,0,0,46,desa,FALSE
,KUTE SIANTAN,PAYALAMAN,,,0,0,56,0,6,0,0,0,0,0,6,desa,FALSE
,KUTE SIANTAN,TELUK BAYUR,,,0,0,13,0,7,0,0,0,0,0,7,desa,FALSE
,KUTE SIANTAN,MATAK,,,0,0,20,0,1,0,0,0,0,0,1,desa,FALSE
,KUTE SIANTAN,PAYAMARAM,,,0,0,42,0,1,0,0,0,0,0,1,desa,FALSE
,KUTE SIANTAN,BATU AMPAR,,,0,0,18,0,1,0,0,0,0,0,1,desa,FALSE
,JEMAJA,MAMPOK,,,0,0,0,0,0,4,0,0,4,4,4,desa,FALSE
,JEMAJA,LETUNG,,,0,0,0,0,0,20,1,0,21,21,21,desa,FALSE
,JEMAJA,REWAK,,,0,0,0,0,0,3,0,0,3,3,3,desa,FALSE
,JEMAJA,AIR BIRU,,,0,0,0,0,0,2,0,0,2,2,2,desa,FALSE
,JEMAJA,BATU BERAPIT,,,0,0,0,0,0,7,0,0,7,7,7,desa,FALSE
,JEMAJA,LANDAK,,,0,0,0,0,0,3,0,0,3,3,3,desa,FALSE
,JEMAJA,,,,0,0,0,0,0,1,0,0,1,1,1,kecamatan,FALSE
,JEMAJA BARAT,KERAMUT,,,0,0,0,0,0,2,0,0,2,2,2,desa,FALSE
,JEMAJA BARAT,IMPOL,,,0,0,0,0,0,1,0,0,1,1,1,desa,FALSE
,JEMAJA BARAT,SUNGGAK,,,0,0,0,0,0,1,0,0,1,1,1,desa,FALSE
,JEMAJA TIMUR,ULU MARAS,,,0,0,0,0,0,3,0,0,3,3,3,desa,FALSE
,JEMAJA TIMUR,KUALA MARAS,,,0,0,0,0,0,8,0,0,8,8,8,desa,FALSE
,JEMAJA TIMUR,BUKIT PADI,,,0,0,0,0,0,2,1,0,3,3,3,desa,FALSE
,JEMAJA TIMUR,GENTING PULUR,,,0,0,0,0,0,6,1,0,7,7,7,desa,FALSE
,SIANTAN SELATAN,TELAGA,,,0,0,0,0,0,2,0,0,2,2,2,desa,FALSE
,SIANTAN SELATAN,MENGKAIT,,,0,0,0,0,0,1,0,0,1,1,1,desa,FALSE
,SIANTAN SELATAN,TIANGAU,,,0,0,0,0,0,5,0,0,5,5,5,desa,FALSE
,SIANTAN SELATAN,TELAGA KECIL,,,0,0,0,0,0,1,0,0,1,1,1,desa,FALSE
,SIANTAN SELATAN,LINGAI,,,0,0,0,0,0,2,0,0,2,2,2,desa,FALSE
,SIANTAN SELATAN,AIR BINI,,,0,0,0,0,0,3,1,0,4,4,4,desa,FALSE
,SIANTAN,TAREMPA BARAT,,,0,0,0,0,0,23,2,0,25,25,25,desa,FALSE
,SIANTAN,TAREMPA,,,0,0,0,0,0,67,6,0,73,73,73,desa,FALSE
,SIANTAN,TAREMPA SELATAN,,,0,0,0,0,0,9,1,0,10,10,10,desa,FALSE
,SIANTAN,TAREMPA TIMUR,,,0,0,0,0,0,17,0,0,17,17,17,desa,FALSE
,SIANTAN,SRI TANJUNG,,,0,0,0,0,0,9,2,0,11,11,11,desa,FALSE
,SIANTAN,TAREMPA BARAT DAYA,,,0,0,0,0,0,9,1,0,10,10,10,desa,FALSE
,SIANTAN,PESISIR TIMUR,,,0,0,0,0,0,9,0,0,9,9,9,desa,FALSE
,SIANTAN,,,,0,0,0,0,0,26,4,0,30,30,30,kecamatan,FALSE
,SIANTAN TIMUR,NYAMUK,,,0,0,0,0,0,1,0,0,1,1,1,desa,FALSE
,SIANTAN TIMUR,BATU BELAH,,,0,0,0,0,0,6,0,0,6,6,6,desa,FALSE
,SIANTAN TIMUR,MUNJAN,,,0,0,0,0,0,6,0,0,6,6,6,desa,FALSE
,SIANTAN TIMUR,SERAT,,,0,0,0,0,0,1,0,0,1,1,1,desa,FALSE
,SIANTAN TIMUR,AIR PUTIH,,,0,0,0,0,0,2,0,0,2,2,2,desa,FALSE
,SIANTAN TIMUR,TEMBURUN,,,0,0,0,0,0,5,0,0,5,5,5,desa,FALSE
,SIANTAN TENGAH,AIR ASUK,,,0,0,0,0,0,11,0,0,11,11,11,desa,FALSE
,SIANTAN TENGAH,AIR SENA,,,0,0,0,0,0,2,2,0,4,4,4,desa,FALSE
,SIANTAN TENGAH,TELUK SIANTAN,,,0,0,0,0,0,3,0,0,3,3,3,desa,FALSE
,SIANTAN TENGAH,LIUK,,,0,0,0,0,0,1,0,0,1,1,1,desa,FALSE
,SIANTAN TENGAH,LIDI,,,0,0,0,0,0,1,0,0,1,1,1,desa,FALSE
,SIANTAN TENGAH,TELUK SUNTING,,,0,0,0,0,0,8,0,0,8,8,8,desa,FALSE
,SIANTAN TENGAH,,,,0,0,0,0,0,1,0,0,1,1,1,kecamatan,FALSE
,PALMATAK,TEBANG,,,0,0,0,0,0,10,0,0,10,10,10,desa,FALSE
,PALMATAK,LADAN,,,0,0,0,0,0,13,1,0,14,14,14,desa,FALSE
,PALMATAK,PUTIK,,,0,0,0,0,0,8,0,0,8,8,8,desa,FALSE
,PALMATAK,PIABUNG,,,0,0,0,0,0,5,0,0,5,5,5,desa,FALSE
,PALMATAK,LANGIR,,,0,0,0,0,0,1,0,0,1,1,1,desa,FALSE
,PALMATAK,CANDI,,,0,0,0,0,0,7,0,0,7,7,7,desa,FALSE
,PALMATAK,BELIBAK,,,0,0,0,0,0,1,0,0,1,1,1,desa,FALSE
,PALMATAK,,,,0,0,0,0,0,7,0,0,7,7,7,kecamatan,FALSE
,SIANTAN UTARA,BAYAT,,,0,0,0,0,0,3,0,0,3,3,3,desa,FALSE
,SIANTAN UTARA,PIASAN,,,0,0,0,0,0,3,0,0,3,3,3,desa,FALSE
,KUTE SIANTAN,PAYALAMAN,,,0,0,0,0,0,5,1,0,6,6,6,desa,FALSE
,KUTE SIANTAN,TELUK BAYUR,,,0,0,0,0,0,9,1,0,10,10,10,desa,FALSE
,KUTE SIANTAN,MATAK,,,0,0,0,0,0,2,1,0,3,3,3,desa,FALSE
,KUTE SIANTAN,PAYAMARAM,,,0,0,0,0,0,2,2,0,4,4,4,desa,FALSE
,KUTE SIANTAN,BATU AMPAR,,,0,0,0,0,0,1,0,0,1,1,1,desa,FALSE
,KUTE SIANTAN,,,,0,0,0,0,0,1,0,0,1,1,1,kecamatan,FALSE
,,,,,0,0,0,0,0,95,1,0,96,96,96,unidentified,FALSE
